prospect,college
M.J. Walker,Florida State
Blake Griffin,Oklahoma
Kaleb Wesson,Ohio State
Anthony Barber,NC State
Aaron Gordon,Arizona
Branden Dawson,Michigan State
Karl-Anthony Towns,Kentucky
DeAndre Liggins,Kentucky
Bryson Williams,Texas Tech
DeMarcus Cousins,Kentucky
James Anderson,Oklahoma State
Jordan Bachynski,Arizona St.
Solomon Hill,Arizona
Austin Reaves,Oklahoma
TyTy Washington Jr.,Kentucky
Jodie Meeks,Kentucky
Keita Bates-Diop,Ohio State
Marvin Bagley,Duke
Keshad Johnson,Arizona
Kevin Palmer,Texas A&M Corpus Christi
Willie Warren,Oklahoma
Robert Covington,Tennessee State
Alex Caruso,Texas A&M
Khris Middleton,Texas A&M
Isaiah Cousins,Oklahoma
Robert Dillingham,Kentucky
Dexter Pittman,Texas
Dillon Jones,Weber State
Taj Gibson,USC
D.J. Hogg,Texas A&M
Malaki Branham,Ohio State
Jawun Evans,Oklahoma St.
Chris Livingston,Kentucky
Jared Sullinger,Ohio St.
Bronny James,USC
Stanley Robinson,UConn
Jaylen Barford,Arkansas
Josh Green,Arizona
Kyle Fogg,Arizona
Tiny Gallon,Oklahoma
Duane Washington Jr.,Ohio State
Tristan Thompson,Texas
Cameron Payne,Murray State
Daniel Orton,Kentucky
Julius Randle,Kentucky
Damion James,Texas
Klay Thompson,Washington State
Jonathan Isaac,Florida State
Marcus Bagley,Arizona State
Landry Shamet,Wichita State
Robert Williams,Texas A&M
Eric Bledsoe,Kentucky
TJ Leaf,UCLA
Patrick Williams,Florida State
Tyson Etienne,Wichita State
Drew Peterson,USC
Jrue Holiday,UCLA
Tevin Brown,Murray State
Zeke Nnaji,Arizona
Jaylen Wells,Washington State
Onyeka Okongwu,USC
Chet Holmgren,Gonzaga
Chinemelu Elonu,Texas A&M
Tyger Campbell,UCLA
Grayson Allen,Duke
Terrel Harris,Oklahoma State
Michael Qualls,Arkansas
Christian Koloko,Arizona
Rawle Alkins,Arizona
Deyonta Davis,Michigan State
Art Parakhouski,Radford
Paul Reed,DePaul
Marius Grigonis,Lithuania
Malcolm Cazalon,Mega
Michael Frazier II,Florida
Baylor Scheierman,Creighton
Cedric Jackson,Cleveland St.
Chris Singleton,Florida St.
Jacob Evans,Cincinnati
Jimmer Fredette,BYU
Joel Berry,North Carolina
DaRon Holmes,Dayton
Satnam Singh Bhamara,India
Ulrich Chomche,NBA Academy Africa
Patrick Mills,St. Mary's
Geron Johnson,Memphis
Boban Marjanovic,Hemofarm
Robert Upshaw,Washington
Tomas Satoransky,Cajasol Sevilla
Damien Inglis,Roanne
Scoot Henderson,G League Ignite
Sidy Cissoko,G League Ignite
Mojave King,G League Ignite
Matas Buzelis,G League Ignite
Dyson Daniels,G League Ignite
Michael Foster Jr.,G League Ignite
Jonathan Kuminga,G League Ignite
Jalen Green,G League Ignite
Tyler Smith,G League Ignite
Daishen Nix,G League Ignite